Title,Authors,DOI,DOI link,Venue,Citation count,Year,Research Approach and Methodology,Interoperability Techniques,Data Sources and Languages,Technological Tools and Frameworks,Key Findings on Interoperability,"Supporting quotes for ""Research Approach and Methodology""","Supporting tables for ""Research Approach and Methodology""","Reasoning for ""Research Approach and Methodology""","Supporting quotes for ""Interoperability Techniques""","Supporting tables for ""Interoperability Techniques""","Reasoning for ""Interoperability Techniques""","Supporting quotes for ""Data Sources and Languages""","Supporting tables for ""Data Sources and Languages""","Reasoning for ""Data Sources and Languages""","Supporting quotes for ""Technological Tools and Frameworks""","Supporting tables for ""Technological Tools and Frameworks""","Reasoning for ""Technological Tools and Frameworks""","Supporting quotes for ""Key Findings on Interoperability""","Supporting tables for ""Key Findings on Interoperability""","Reasoning for ""Key Findings on Interoperability"""
BabelRTS: Polyglot Regression Test Selection,"Gabriele Maurina, Walter Cazzola, Sudipto Ghosh",10.1109/TSE.2025.3554403,https://doi.org/10.1109/TSE.2025.3554403,IEEE Transactions on Software Engineering,0,2025,"Proposal of a static approach called BabelRTS, which uses patterns and actions to encapsulate language-specific aspects. Empirical study evaluating BabelRTS on 142 open-source monoglot and polyglot SUTs, comparing its performance to state-of-the-art monoglot approaches.",No specific interoperability techniques described,Not mentioned (the abstract does not specify the programming languages or interoperability techniques used),"- Name of tool/framework: BabelRTS
 - Primary purpose: To support multiple languages and analyze subjects under test (SUTs) written in different languages.
 - Key functionalities: Encapsulates language-specific aspects using patterns and actions, customizable to support new languages without modifying the test selection algorithm.
 - Features for polyglot interoperability: Analyzes SUTs written in multiple languages, supports 12 languages and 5 language combinations, not tied to a specific language runtime system or paradigm.","- Challenges identified: Current monoglot RTS approaches are unsafe for polyglot systems as they miss inter-language dependencies; new languages may require reimplementation due to language-specific features.
 - Successful integration strategies: BabelRTS is multilingual and extensible, using patterns and actions to encapsulate language-specific aspects; it is not tied to a specific runtime system or paradigm.
 - Limitations or gaps in current approaches: Monoglot approaches are limited by their inability to handle inter-language dependencies; they require reimplementation for new languages.","- ""We propose a new static approach called BabelRTS, which is multilingual (supports multiple languages out of the box), polyglot (analyzes SUTs written in multiple languages), and extensible (allows adding support for new languages).""
  - ""A key contribution is the idea of encapsulating the language-specific aspects of RTS by using patterns and actions.""
  - ""Patterns and actions can be customized to support new languages without modifying the test selection algorithm.""
  - ""BabelRTS is not tied to a specific language run-time system or paradigm.""
  - ""We evaluated BabelRTS on 142 open-source monoglot and polyglot SUTs, analyzing a total of more than two billion LOC.""
  - ""The performance of BabelRTS was similar to the state-of-the-art monoglot approaches on monoglot SUTs.""
  - ""On polyglot SUTs, BabelRTS was safer in polyglot mode and selected more tests for 60% of the commits than in monoglot mode, which missed inter-language dependencies.""",,"- The abstract describes the proposal of a new static approach called BabelRTS, which is a methodological approach to address multilingual software system interoperability.
 - BabelRTS is characterized as multilingual, polyglot, and extensible, indicating its ability to handle multiple languages and adapt to new ones.
 - The use of patterns and actions to encapsulate language-specific aspects is a novel technique for analyzing interactions between programming languages.
 - The evaluation of BabelRTS on a large number of open-source projects suggests an empirical study approach, where the performance and safety of BabelRTS are compared to existing monoglot approaches.
 - The abstract does not mention any specific metrics or frameworks proposed for evaluating language compatibility, but it does highlight the effectiveness of BabelRTS in selecting tests and handling inter-language dependencies.","- ""Current RTS approaches are typically monoglot, i.e., their implementations target a specific language.""
  - ""Running multiple monoglot RTS approaches separately on a polyglot SUT is unsafe because tests that involve inter-language dependencies can be missed.""
  - ""We propose a new static approach called BabelRTS, which is multilingual (supports multiple languages out of the box), polyglot (analyzes SUTs written in multiple languages), and extensible (allows adding support for new languages).""
  - ""A key contribution is the idea of encapsulating the language-specific aspects of RTS by using patterns and actions.""
  - ""Patterns and actions can be customized to support new languages without modifying the test selection algorithm.""
  - ""BabelRTS is not tied to a specific language run-time system or paradigm.""
  - ""BabelRTS currently supports 12 languages and 5 language combinations.""",,"- The abstract discusses the limitations of current monoglot regression test selection (RTS) approaches and introduces BabelRTS as a solution that supports multiple languages.
 - BabelRTS is described as multilingual and polyglot, indicating it can handle subjects under test (SUTs) written in multiple languages.
 - The abstract mentions the use of ""patterns and actions"" to encapsulate language-specific aspects, which allows for customization and support for new languages.
 - There is no mention of specific interoperability techniques such as Foreign Function Interface (FFI), Remote Procedure Calls (RPC), Shared Runtimes, Message Brokers, or Shared Data Formats.
 - The focus of BabelRTS is on its ability to analyze SUTs written in multiple languages and its extensibility, but it does not specify any particular interoperability techniques.","- ""BabelRTS currently supports 12 languages and 5 language combinations.""
  - ""many subjects under test (SUT) are polyglot, i.e., they use multiple languages.""
  - ""Current RTS approaches are typically monoglot, i.e., their implementations target a specific language.""
  - ""We evaluated BabelRTS on 142 open-source monoglot and polyglot SUTs, analyzing a total of more than two billion LOC.""",,"- The abstract mentions that BabelRTS is multilingual and supports multiple languages, but it does not specify which languages are supported.
 - It states that BabelRTS analyzes subjects under test (SUTs) that are polyglot, meaning they use multiple languages, but again, specific languages are not listed.
 - The abstract does not provide information on the primary interoperability technique used in the systems analyzed.
 - The type of software artifact analyzed is described as ""142 open-source monoglot and polyglot SUTs,"" indicating that open-source repositories were used in the study.","- ""BabelRTS currently supports 12 languages and 5 language combinations.""
  - ""We propose a new static approach called BabelRTS, which is multilingual (supports multiple languages out of the box), polyglot (analyzes SUTs written in multiple languages), and extensible (allows adding support for new languages).""
  - ""BabelRTS is not tied to a specific language run-time system or paradigm.""
  - ""A key contribution is the idea of encapsulating the language-specific aspects of RTS by using patterns and actions.""
  - ""Patterns and actions can be customized to support new languages without modifying the test selection algorithm.""",,"- The abstract introduces ""BabelRTS"" as a technological tool or framework, which is the main focus of the study.
 - BabelRTS is described as ""multilingual,"" ""polyglot,"" and ""extensible,"" indicating its primary purpose is to support multiple languages and analyze subjects under test (SUTs) written in different languages.
 - The key functionalities include encapsulating language-specific aspects using patterns and actions, which allows for customization to support new languages without altering the test selection algorithm.
 - BabelRTS is not tied to a specific language runtime system or paradigm, suggesting it is designed to be versatile and adaptable across different programming environments.
 - The feature specifically facilitating polyglot interoperability is its ability to analyze SUTs written in multiple languages and support various language combinations.","- ""Current RTS approaches are typically monoglot, i.e., their implementations target a specific language.""
  - ""Running multiple monoglot RTS approaches separately on a polyglot SUT is unsafe because tests that involve inter-language dependencies can be missed.""
  - ""Moreover, a new language may require completely reimplementing an RTS approach, especially if the original implementation relies on language and runtime features that are not available in the new language.""
  - ""We propose a new static approach called BabelRTS, which is multilingual (supports multiple languages out of the box), polyglot (analyzes SUTs written in multiple languages), and extensible (allows adding support for new languages).""
  - ""A key contribution is the idea of encapsulating the language-specific aspects of RTS by using patterns and actions.""
  - ""Patterns and actions can be customized to support new languages without modifying the test selection algorithm.""
  - ""BabelRTS is not tied to a specific language run-time system or paradigm.""
  - ""On polyglot SUTs, BabelRTS was safer in polyglot mode and selected more tests for 60% of the commits than in monoglot mode, which missed inter-language dependencies.""",,"- The abstract identifies a challenge in current monoglot RTS approaches: they are unsafe for polyglot systems because they miss inter-language dependencies.
 - It highlights a limitation in current approaches: the need to reimplement RTS for each new language due to language-specific features.
 - The proposed BabelRTS approach addresses these challenges by being multilingual and extensible, allowing it to handle multiple languages without requiring reimplementation.
 - The use of patterns and actions to encapsulate language-specific aspects is a successful integration strategy that allows for customization without modifying the test selection algorithm.
 - BabelRTS not being tied to a specific runtime system or paradigm is another successful integration strategy, indicating flexibility in handling different languages.
 - The performance of BabelRTS on polyglot SUTs, being safer and selecting more tests, indicates a successful approach to managing interoperability."
On the Impact of Interlanguage Dependencies in Multilanguage Systems Empirical Case Study on Java Native Interface Applications (JNI),"Manel Grichi, Mouna Abidi, Fehmi Jaafar, Ellis E. Eghan, Bram Adams",10.1109/TR.2020.3024873,https://doi.org/10.1109/TR.2020.3024873,IEEE Transactions on Reliability,18,2021,Empirical case study using static and historical multilanguage dependency analyzers on ten open-source multilanguage systems to analyze interlanguage dependencies and their impact on software quality and security.,"- Name of the technique: Java Native Interface (JNI)
 - Brief description of how it works: JNI allows Java code to interact with native code written in other languages, enabling the reuse of code and exploitation of language advantages.
 - Specific tools or technologies used: Java Native Interface (JNI)",Java + (unspecified language): Open-source multilanguage systems - Java Native Interface (JNI),"- Name of tool/framework: Static multilanguage dependency analyzer and historical multilanguage dependency analyzer
 - Primary purpose: Multilanguage dependency analysis
 - Key functionalities: Analyzing dependencies across languages
 - Features for polyglot interoperability: Facilitating analysis of interlanguage dependencies","- Challenges identified: Dependency analysis across multilanguage systems is more challenging compared to mono-language systems.
 - Successful integration strategies: Introduction of static and historical multilanguage dependency analyzers.
 - Limitations or gaps in current approaches: Increased risk of bugs and vulnerabilities with more interlanguage dependencies.","- ""In this article, we introduce two approaches for multilanguage dependency analysis: static multilanguage dependency analyzer) and historical multilanguage dependency analyzer, which we apply on ten open-source multilanguage systems to empirically analyze the prevalence of the dependencies across languages, i.e., interlanguage dependencies and their impact on software quality and security.""",,"- The abstract mentions that the study introduces two approaches for multilanguage dependency analysis: a static multilanguage dependency analyzer and a historical multilanguage dependency analyzer. This indicates that the primary methodological approach is empirical, as it involves analyzing existing systems.
 - The study applies these approaches to ten open-source multilanguage systems, which suggests a case study approach.
 - The focus is on empirically analyzing the prevalence of interlanguage dependencies and their impact on software quality and security, indicating that the study is an empirical case study.
 - The abstract does not mention any novel metrics, models, or frameworks proposed for evaluating language compatibility, nor does it specify any other techniques such as mining software repositories or performance benchmarking.","- ""empirically analyze the prevalence of the dependencies across languages, i.e., interlanguage dependencies and their impact on software quality and security.""
  - ""developers are often using multiple programming languages to exploit the advantages of each language and to reuse code.""
  - ""two approaches for multilanguage dependency analysis: static multilanguage dependency analyzer) and historical multilanguage dependency analyzer,""
  - ""dependency analysis across multilanguage is more challenging compared to mono-language systems.""",,"- The abstract mentions ""Java Native Interface Applications (JNI)"" which is a Foreign Function Interface (FFI) technique. JNI is used to enable Java code to call and be called by native applications and libraries written in other languages.
 - The abstract does not mention any other specific interoperability techniques such as Remote Procedure Calls (RPC), Shared Runtimes, Message Brokers, or Shared Data Formats.
 - The focus of the abstract is on dependency analysis and its impact on software quality and security, rather than detailing specific interoperability techniques beyond JNI.","- ""we apply on ten open-source multilanguage systems to empirically analyze the prevalence of the dependencies across languages, i.e., interlanguage dependencies and their impact on software quality and security.""
  - ""developers are often using multiple programming languages to exploit the advantages of each language and to reuse code.""",,"- The abstract mentions that developers use multiple programming languages, but it does not specify which languages are used in the study.
 - The study is described as an ""Empirical Case Study on Java Native Interface Applications (JNI),"" which suggests that Java is one of the programming languages involved.
 - The use of JNI implies that the interoperability technique involves Java Native Interface, which is a way for Java code to call and be called by native applications and libraries written in other languages.
 - The abstract states that the study was conducted on ""ten open-source multilanguage systems,"" indicating that the type of software artifact analyzed is open-source systems.
 - However, the abstract does not specify the other programming languages involved in these multilanguage systems.","- ""developers are often using multiple programming languages to exploit the advantages of each language and to reuse code.""
  - ""dependency analysis across multilanguage is more challenging compared to mono-language systems.""
  - ""we introduce two approaches for multilanguage dependency analysis: static multilanguage dependency analyzer) and historical multilanguage dependency analyzer,""
  - ""we apply on ten open-source multilanguage systems to empirically analyze the prevalence of the dependencies across languages, i.e., interlanguage dependencies and their impact on software quality and security.""
  - ""the more interlanguage dependencies, the higher the risk of bugs and vulnerabilities being introduced,""
  - ""the percentage of bugs within interlanguage dependencies is three times higher than the percentage of bugs identified in intralanguage dependencies;""
  - ""the percentage of vulnerabilities within interlanguage dependencies is twice the percentage of vulnerabilities introduced in intralanguage dependencies.""",,"- The abstract mentions the use of multiple programming languages, which implies the need for tools or frameworks that facilitate inter-language communication.
 - The focus on ""multilanguage dependency analysis"" suggests the use of specific tools or frameworks designed for this purpose.
 - The abstract introduces ""two approaches for multilanguage dependency analysis: static multilanguage dependency analyzer and historical multilanguage dependency analyzer,"" which are likely technological tools or frameworks used in the study.
 - These tools are used to analyze dependencies across languages, which is a key aspect of facilitating polyglot interoperability.
 - The abstract does not provide specific names or detailed functionalities of these tools, but they are clearly related to inter-language communication and dependency analysis.","- ""dependency analysis across multilanguage is more challenging compared to mono-language systems.""
  - ""we introduce two approaches for multilanguage dependency analysis: static multilanguage dependency analyzer) and historical multilanguage dependency analyzer,""
  - ""the percentage of bugs within interlanguage dependencies is three times higher than the percentage of bugs identified in intralanguage dependencies;""
  - ""the percentage of vulnerabilities within interlanguage dependencies is twice the percentage of vulnerabilities introduced in intralanguage dependencies.""
  - ""the more interlanguage dependencies, the higher the risk of bugs and vulnerabilities being introduced,""",,"- The abstract mentions that dependency analysis across multilanguage systems is more challenging, which implies a challenge in interoperability due to the complexity of managing dependencies across different languages.
 - The introduction of two approaches for multilanguage dependency analysis suggests successful integration strategies for managing interoperability, as these approaches are designed to analyze dependencies across languages.
 - The findings about the increased risk of bugs and vulnerabilities with more interlanguage dependencies highlight a limitation or gap in current approaches, as it indicates that current methods may not adequately address these risks.
 - The abstract does not explicitly discuss other challenges like performance overhead, debugging complexity, or toolchain incompatibility, nor does it mention specific strategies like using code generation from an IDL or adopting a shared runtime.
 - The abstract does not provide explicit limitations or gaps in current approaches beyond the increased risk of bugs and vulnerabilities."
How Are Multilingual Systems Constructed: Characterizing Language Use and Selection in Open-Source Multilingual Software,"Wen Li, Austin Marino, Haoran Yang, Na Meng, Li Li, Haipeng Cai",10.1145/3631967,https://doi.org/10.1145/3631967,ACM Transactions on Software Engineering and Methodology,6,2023,Empirical study using mining software repositories (GitHub projects) and association rule mining to analyze language use and selection in open-source multilingual software.,No specific interoperability techniques described,Not mentioned (the abstract does not specify the programming languages or interoperability techniques used in the study),No specific tools described,Findings not explicitly discussed (the abstract focuses on language use and selection but does not address interoperability challenges or strategies),"- ""We start with presenting an updated overview of language use in 7,113 GitHub projects spanning the 5 past years by characterizing overall statistics of language profiles, followed by a deeper look into the functionality relevance/justification of language selection in these projects through association rule mining.""
  - ""In this article, we set out to fill this gap with a large-scale characterization study on language use and selection in open-source multilingual software.""
  - ""We proceed with an evolutionary characterization of 1,000 GitHub projects for each of the 10 past years to provide a longitudinal view of how language use and selection have changed over the years, as well as how the association between functionality and language selection has been evolving.""",,"- The study is described as a ""large-scale characterization study,"" which suggests an empirical research approach focused on analyzing existing data.
 - The use of ""characterizing overall statistics of language profiles"" indicates a focus on descriptive statistics to understand language use.
 - The mention of ""association rule mining"" suggests a specific technique used to analyze the interaction between programming languages and their functionality.
 - The study involves analyzing GitHub projects, which implies mining software repositories as a method to gather data.
 - The study provides a ""longitudinal view"" by analyzing projects over time, indicating a temporal analysis of language use and selection.","- ""For many years now, modern software is known to be developed in multiple languages (hence termed as multilingual or multi-language software).""
  - ""Yet, to date, we still only have very limited knowledge about how multilingual software systems are constructed.""
  - ""For instance, it is not yet really clear how different languages are used, selected together, and why they have been so in multilingual software development.""
  - ""Given the fact that using multiple languages in a single software project has become a norm, understanding language use and selection (i.e., language profile) as a basic element of the multilingual construction in contemporary software engineering is an essential first step.""
  - ""In this article, we set out to fill this gap with a large-scale characterization study on language use and selection in open-source multilingual software.""
  - ""We start with presenting an updated overview of language use in 7,113 GitHub projects spanning the 5 past years by characterizing overall statistics of language profiles, followed by a deeper look into the functionality relevance/justification of language selection in these projects through association rule mining.""
  - ""We proceed with an evolutionary characterization of 1,000 GitHub projects for each of the 10 past years to provide a longitudinal view of how language use and selection have changed over the years, as well as how the association between functionality and language selection has been evolving.""
  - ""Among many other findings, our study revealed a growing trend of using three to five languages in one multilingual software project and the noticeable stableness of top language selections.""
  - ""We found a non-trivial association between language selection and certain functionality domains, which was less stable than that with individual languages over time.""
  - ""In a historical context, we also have observed major shifts in these characteristics of multilingual systems both in contrast to earlier peer studies and along the evolutionary timeline.""
  - ""Our findings offer essential knowledge on the multilingual construction in modern software development.""
  - ""Based on our results, we also provide insights and actionable suggestions for both researchers and developers of multilingual systems.""",,"- The abstract discusses the construction of multilingual software systems and the use of multiple languages in software development.
 - It mentions the study's focus on characterizing language use and selection in open-source multilingual software.
 - The abstract does not specifically mention any interoperability techniques such as Foreign Function Interface (FFI), Remote Procedure Calls (RPC), Shared Runtimes, Message Brokers, or Shared Data Formats.
 - The focus is on language use and selection rather than specific technical approaches to address interoperability challenges.
 - The abstract provides insights into trends and associations between languages and functionality but does not detail specific interoperability techniques.","- ""presenting an updated overview of language use in 7,113 GitHub projects spanning the 5 past years""
  - ""the noticeable stableness of top language selections.""
  - ""a growing trend of using three to five languages in one multilingual software project""
  - ""a non-trivial association between language selection and certain functionality domains,""
  - ""evolutionary characterization of 1,000 GitHub projects for each of the 10 past years""",,"- The abstract mentions that the study focuses on ""open-source multilingual software,"" indicating that the software artifacts analyzed are open-source repositories.
 - The study involves ""7,113 GitHub projects"" and ""1,000 GitHub projects for each of the 10 past years,"" which suggests that the primary data source is GitHub projects.
 - The abstract does not specify the exact programming languages used in the study, nor does it mention any specific interoperability techniques such as FFI, REST API, or gRPC.
 - The study characterizes language use and selection, but it does not provide details on the specific languages or interoperability techniques used in the projects.","- ""We proceed with an evolutionary characterization of 1,000 GitHub projects for each of the 10 past years to provide a longitudinal view of how language use and selection have changed over the years, as well as how the association between functionality and language selection has been evolving.""
  - ""We start with presenting an updated overview of language use in 7,113 GitHub projects spanning the 5 past years by characterizing overall statistics of language profiles, followed by a deeper look into the functionality relevance/justification of language selection in these projects through association rule mining.""",,"- The abstract mentions the use of ""GitHub projects"" as a source of data for the study. GitHub is a web-based platform for version control and collaboration on software development projects. It is not specifically a tool for inter-language communication or polyglot build systems but is used as a data source.
 - The abstract does not mention any specific technological tools or frameworks used in the study beyond GitHub. There is no mention of tools or frameworks related to inter-language communication, polyglot build systems, or API/service management.
 - The focus of the study is on characterizing language use and selection in multilingual software, but it does not specify any tools or frameworks used to facilitate these processes.","- ""Yet, to date, we still only have very limited knowledge about how multilingual software systems are constructed.""
  - ""For instance, it is not yet really clear how different languages are used, selected together, and why they have been so in multilingual software development.""
  - ""We start with presenting an updated overview of language use in 7,113 GitHub projects spanning the 5 past years by characterizing overall statistics of language profiles, followed by a deeper look into the functionality relevance/justification of language selection in these projects through association rule mining.""
  - ""We proceed with an evolutionary characterization of 1,000 GitHub projects for each of the 10 past years to provide a longitudinal view of how language use and selection have changed over the years, as well as how the association between functionality and language selection has been evolving.""
  - ""Among many other findings, our study revealed a growing trend of using three to five languages in one multilingual software project and the noticeable stableness of top language selections.""
  - ""We found a non-trivial association between language selection and certain functionality domains, which was less stable than that with individual languages over time.""
  - ""In a historical context, we also have observed major shifts in these characteristics of multilingual systems both in contrast to earlier peer studies and along the evolutionary timeline.""
  - ""Our findings offer essential knowledge on the multilingual construction in modern software development.""
  - ""Based on our results, we also provide insights and actionable suggestions for both researchers and developers of multilingual systems.""",,"- The abstract discusses the construction of multilingual software systems and the use of multiple languages in software development, but it does not explicitly mention challenges related to interoperability such as performance overhead or debugging complexity.
 - There is no mention of successful integration strategies like using code generation from an IDL or adopting a shared runtime.
 - The abstract does not discuss limitations or gaps in current approaches to interoperability, such as a lack of formal compatibility metrics or difficulty in predicting integration costs.
 - The focus of the study is on characterizing language use and selection, but it does not provide specific insights into interoperability challenges or strategies."
Multilingual Source Code Analysis: A Systematic Literature Review,"Zaigham Mushtaq, G. Rasool, Balawal Shehzad",10.1109/ACCESS.2017.2710421,https://doi.org/10.1109/ACCESS.2017.2710421,IEEE Access,32,2017,"Not clearly specified (the abstract describes a systematic literature review but does not specify novel metrics, models, or frameworks)",No specific interoperability techniques described,"Not mentioned (the abstract does not specify programming languages, software artifacts, or interoperability techniques)",No specific tools described,"Findings not explicitly discussed (the abstract does not provide specific details on challenges, successful integration strategies, or limitations related to interoperability)","- ""The objective of this systematic literature review (SLR) is to summarize state of the art and prominent areas for future research.""
  - ""This SLR is based on different techniques, tools, and methodologies to analyze multilingual source code applications.""
  - ""We finalized 56 multi-discipline published papers relevant to multilingual source code analysis and its applications out of 3820 papers, filtered through multi-stage search criterion.""
  - ""We identified 46 research issues and requirements for analyzing multilingual applications and grouped them in 13 different software engineering domains.""
  - ""We presented the research contributions in the form of tools techniques and approaches that are presented in the form of research models, platforms, frameworks, prototype models, and case studies.""
  - ""Most of the research trends and potential research areas are identified in static source code analysis, program comprehension, refactoring, reverse engineering, detection, and traceability of cross-language links, code coverage, security analysis, cross-language parsing, and abstraction of source code models.""",,"- The study is described as a ""systematic literature review (SLR),"" which indicates that the primary research approach is a review of existing literature rather than an empirical study or model proposal.
 - The abstract mentions that the SLR is ""based on different techniques, tools, and methodologies,"" but it does not specify any novel metrics, models, or frameworks proposed for evaluating language compatibility.
 - The study involves analyzing ""multilingual source code applications"" and identifying ""research issues and requirements,"" which suggests a focus on summarizing existing research rather than proposing new methodologies.
 - The abstract lists various areas where research trends and potential areas are identified, such as ""static source code analysis"" and ""cross-language parsing,"" but these are not specific techniques used in the study itself; rather, they are areas of focus within the literature review.
 - The abstract does not provide specific details about novel metrics, models, or frameworks proposed for evaluating language compatibility, nor does it mention any empirical studies or formal model proposals.","- ""The source code analysis of these applications requires the extraction and examination of artifacts, which are build using multiple programming languages along with their dependencies.""
  - ""The objective of this systematic literature review (SLR) is to summarize state of the art and prominent areas for future research.""
  - ""This SLR is based on different techniques, tools, and methodologies to analyze multilingual source code applications.""
  - ""We identified 46 research issues and requirements for analyzing multilingual applications and grouped them in 13 different software engineering domains.""
  - ""We presented the research contributions in the form of tools techniques and approaches that are presented in the form of research models, platforms, frameworks, prototype models, and case studies.""
  - ""Most of the research trends and potential research areas are identified in static source code analysis, program comprehension, refactoring, reverse engineering, detection, and traceability of cross-language links, code coverage, security analysis, cross-language parsing, and abstraction of source code models.""",,"- The abstract discusses the analysis of multilingual source code applications, which implies the need for interoperability techniques.
 - However, it does not specifically mention any interoperability techniques such as Foreign Function Interface (FFI), Remote Procedure Calls (RPC), Shared Runtimes, Message Brokers, or Shared Data Formats.
 - The abstract focuses on summarizing the state of the art and future research areas in multilingual source code analysis but does not provide specific details about interoperability techniques.
 - The mention of ""different techniques, tools, and methodologies"" and ""research models, platforms, frameworks, prototype models, and case studies"" suggests a broad overview of approaches but lacks specific details on interoperability techniques.","- ""The source code analysis of these applications requires the extraction and examination of artifacts, which are build using multiple programming languages along with their dependencies.""
  - ""Most of the research trends and potential research areas are identified in static source code analysis, program comprehension, refactoring, reverse engineering, detection, and traceability of cross-language links, code coverage, security analysis, cross-language parsing, and abstraction of source code models.""
  - ""Contemporary software applications are developed using cross-language artifacts, which are interdependent with each other.""
  - ""We identified 46 research issues and requirements for analyzing multilingual applications and grouped them in 13 different software engineering domains.""
  - ""We finalized 56 multi-discipline published papers relevant to multilingual source code analysis and its applications out of 3820 papers, filtered through multi-stage search criterion.""",,"- The abstract mentions that the study involves ""cross-language artifacts"" and ""multiple programming languages,"" indicating that the focus is on multilingual source code analysis.
 - However, it does not specify particular programming languages or software artifacts analyzed in the study.
 - The abstract discusses various software engineering domains and techniques such as static source code analysis and cross-language parsing, but it does not provide specific details about the programming languages or interoperability techniques used.
 - The study is a systematic literature review, which means it synthesizes findings from multiple studies rather than conducting new empirical research on specific systems or projects.
 - Therefore, the abstract does not provide specific information about the programming languages, software artifacts, or interoperability techniques used in the study.","- ""This SLR is based on different techniques, tools, and methodologies to analyze multilingual source code applications.""
  - ""We presented the research contributions in the form of tools techniques and approaches that are presented in the form of research models, platforms, frameworks, prototype models, and case studies.""
  - ""Most of the research trends and potential research areas are identified in static source code analysis, program comprehension, refactoring, reverse engineering, detection, and traceability of cross-language links, code coverage, security analysis, cross-language parsing, and abstraction of source code models.""",,"- The abstract mentions that the systematic literature review (SLR) is based on different techniques, tools, and methodologies for analyzing multilingual source code applications. This suggests that the study involves various tools and frameworks, but it does not specify any particular names.
 - The abstract states that research contributions are presented in the form of tools, techniques, and approaches, including research models, platforms, frameworks, prototype models, and case studies. This indicates that the study discusses various tools and frameworks, but again, no specific names are provided.
 - The abstract lists several areas of research focus, such as static source code analysis, program comprehension, and cross-language parsing, which are relevant to polyglot interoperability. However, it does not specify any particular tools or frameworks associated with these areas.
 - Overall, while the abstract mentions the use of tools and frameworks, it does not provide specific names or details about their primary purpose, key functionalities, or features related to polyglot interoperability.","- ""Most of the research trends and potential research areas are identified in static source code analysis, program comprehension, refactoring, reverse engineering, detection, and traceability of cross-language links, code coverage, security analysis, cross-language parsing, and abstraction of source code models.""
  - ""We highlighted the limitations and future perspectives and grouped them in various software engineering domains.""
  - ""We identified 46 research issues and requirements for analyzing multilingual applications and grouped them in 13 different software engineering domains.""
  - ""The objective of this systematic literature review (SLR) is to summarize state of the art and prominent areas for future research.""
  - ""The source code analysis of these applications requires the extraction and examination of artifacts, which are build using multiple programming languages along with their dependencies.""",,"- The abstract discusses the analysis of multilingual source code applications, which involves interoperability between different programming languages.
 - The mention of ""extraction and examination of artifacts"" and ""dependencies"" suggests that interoperability is a focus, as these are key aspects of ensuring that different language components work together.
 - The abstract highlights ""research issues and requirements"" and ""limitations and future perspectives,"" which could include challenges and gaps in interoperability.
 - However, the abstract does not explicitly mention specific challenges, successful integration strategies, or limitations related to interoperability.
 - The focus on ""static source code analysis, program comprehension, refactoring, reverse engineering, detection, and traceability of cross-language links"" implies areas where interoperability might be relevant, but these are not directly linked to interoperability challenges or strategies in the abstract."
"Multi-Language Software Development: Issues, Challenges, and Solutions","Haoran Yang, Yu Nong, Shaowei Wang, Haipeng Cai",10.1109/TSE.2024.3358258,https://doi.org/10.1109/TSE.2024.3358258,IEEE Transactions on Software Engineering,5,2024,Empirical study analyzing developer discussions on Stack Overflow to identify issues and challenges in multilingual software development.,No specific interoperability techniques described,"Not mentioned (the abstract does not specify programming languages, software artifacts, or interoperability techniques)","- Name of tool/framework: Stack Overflow (SO)
 - Primary purpose: Data source for analyzing developer discussions
 - Key functionalities: Platform for sharing solutions and discussing challenges
 - Features for polyglot interoperability: Not specifically mentioned","- Challenges identified: Complexity and diversity in building multilingual code, lack of technical expertise on features like threading and memory management, handling message passing across languages.
 - Successful integration strategies: Not explicitly discussed.
 - Limitations or gaps in current approaches: Not explicitly discussed.","- ""In this paper, our objective is to provide answers to these questions by conducting a study on developer discussions on Stack Overflow (SO).""
  - ""Stack Overflow emerged as a crucial source of solutions to these challenges, with the majority (73%) of the posts receiving accepted answers, most within a week (36.5% within 24 hours and 25% in the following six days).""
  - ""Through a manual analysis of 586 highly relevant posts spanning 14 years, we revealed that multilingual development is a highly and sustainably active topic on SO,""
  - ""Based on our analysis results, we have formulated actionable insights and recommendations that can be utilized by researchers and developers in this field.""
  - ""From these posts, we observed a diverse array of issues (11 categories), primarily centered around interfacing and data handling across different languages.""",,"- The study is described as a ""study on developer discussions on Stack Overflow (SO),"" which indicates an empirical research approach focused on analyzing existing data from Stack Overflow.
 - The method involves a ""manual analysis of 586 highly relevant posts spanning 14 years,"" which suggests that the primary technique used is content analysis of online forums.
 - The study identifies ""a diverse array of issues (11 categories)"" related to multilingual development, indicating that the analysis is focused on categorizing and understanding these issues.
 - The abstract does not mention any novel metrics, models, or frameworks proposed for evaluating language compatibility, nor does it specify any other techniques like mining software repositories or performance benchmarking.
 - The focus on analyzing Stack Overflow posts and the lack of mention of other methodologies suggest that this is the primary methodological approach used in the study.","- ""multilingual development is a highly and sustainably active topic on SO, with older questions becoming inactive and newer ones getting first asked (and then mostly remaining active for more than one year).""
  - ""we observed a diverse array of issues (11 categories), primarily centered around interfacing and data handling across different languages.""
  - ""The primary challenge faced by developers was the complexity and diversity inherent in building multilingual code and ensuring interoperability.""
  - ""developers often struggled due to a lack of technical expertise on the varied features of different programming languages (e.g., threading and memory management mechanisms).""
  - ""properly handling message passing across languages constituted a key challenge with using implicit language interfacing.""
  - ""Stack Overflow emerged as a crucial source of solutions to these challenges, with the majority (73%) of the posts receiving accepted answers, most within a week (36.5% within 24 hours and 25% in the following six days).""",,"- The abstract discusses the challenges of multilingual software development, particularly focusing on issues related to interfacing and data handling across different languages.
 - It mentions the complexity and diversity of building multilingual code and ensuring interoperability as primary challenges.
 - The abstract highlights the struggle with implicit language interfacing and message passing, which are related to interoperability.
 - However, it does not specify any particular interoperability techniques such as Foreign Function Interface (FFI), Remote Procedure Calls (RPC), Shared Runtimes, Message Brokers, or Shared Data Formats.
 - The abstract does not provide specific tools or technologies used for interoperability, nor does it describe how these techniques work.","- ""Developing software projects that incorporate multiple languages has been a prevalent practice for many years.""
  - ""Through a manual analysis of 586 highly relevant posts spanning 14 years, we revealed that multilingual development is a highly and sustainably active topic on SO,""
  - ""From these posts, we observed a diverse array of issues (11 categories), primarily centered around interfacing and data handling across different languages.""
  - ""The primary challenge faced by developers was the complexity and diversity inherent in building multilingual code and ensuring interoperability.""
  - ""Additionally, developers often struggled due to a lack of technical expertise on the varied features of different programming languages (e.g., threading and memory management mechanisms).""
  - ""Notably, Stack Overflow emerged as a crucial source of solutions to these challenges, with the majority (73%) of the posts receiving accepted answers,""",,"- The abstract mentions that the study involves ""software projects that incorporate multiple languages,"" indicating that multiple programming languages are involved.
 - The study is based on ""a manual analysis of 586 highly relevant posts spanning 14 years"" from Stack Overflow, which suggests that the data source is online discussions rather than specific software artifacts like open-source repositories or proprietary systems.
 - The abstract does not specify particular programming languages used in the system, nor does it describe the type of software artifact analyzed or the primary interoperability technique used.
 - The focus is on issues related to ""interfacing and data handling across different languages"" and challenges in ""building multilingual code and ensuring interoperability,"" but specific languages or techniques are not mentioned.","- ""conducting a study on developer discussions on Stack Overflow (SO).""
  - ""Stack Overflow emerged as a crucial source of solutions to these challenges,""
  - ""Through a manual analysis of 586 highly relevant posts spanning 14 years,""",,"- The abstract mentions the use of ""Stack Overflow (SO)"" as a platform for conducting the study. This indicates that Stack Overflow is a key technological tool used in the research.
 - The primary purpose of using Stack Overflow is to analyze developer discussions, which suggests that it is used as a data source for understanding issues and challenges in multi-language software development.
 - The key functionality of Stack Overflow in this context is to provide a platform where developers discuss and share solutions to problems, which is crucial for identifying challenges and solutions in multi-language development.
 - There is no specific mention of features related to facilitating polyglot interoperability, but the use of Stack Overflow as a platform for discussion implies that it indirectly supports understanding and addressing interoperability issues by providing a space for developers to share knowledge and solutions.","- ""The primary challenge faced by developers was the complexity and diversity inherent in building multilingual code and ensuring interoperability.""
  - ""Stack Overflow emerged as a crucial source of solutions to these challenges, with the majority (73%) of the posts receiving accepted answers, most within a week (36.5% within 24 hours and 25% in the following six days).""
  - ""Based on our analysis results, we have formulated actionable insights and recommendations that can be utilized by researchers and developers in this field.""
  - ""properly handling message passing across languages constituted a key challenge with using implicit language interfacing.""
  - ""developers often struggled due to a lack of technical expertise on the varied features of different programming languages (e.g., threading and memory management mechanisms).""",,"- The abstract identifies the primary challenge related to interoperability as the complexity and diversity in building multilingual code, which directly addresses the issue of ensuring interoperability.
 - The lack of technical expertise on features like threading and memory management mechanisms is highlighted as a challenge, which is relevant to interoperability as it affects how different languages interact.
 - The challenge of handling message passing across languages is specifically mentioned, which is a key aspect of interoperability.
 - The abstract does not explicitly mention successful integration strategies or limitations/gaps in current approaches. It does note that Stack Overflow is a source of solutions, but it does not specify what these solutions are or how they address interoperability.
 - The abstract mentions that actionable insights and recommendations have been formulated, but it does not detail these insights or recommendations in relation to interoperability."
Language-Independent and Automated Software Composition: The FeatureHouse Experience,"S. Apel, Christian Kästner, C. Lengauer",10.1109/TSE.2011.120,https://doi.org/10.1109/TSE.2011.120,IEEE Transactions on Software Engineering,124,2013,"- Formal model proposal based on language-independent model of feature structure trees (FSTs)
 - Architectural framework development (FEATUREHOUSE)
 - Empirical study through case studies to evaluate practicality and scalability
 - Use of attribute grammars for language integration",No specific interoperability techniques described,Java + C# + C + Haskell + Alloy + JavaCC: Software systems/projects - Superimposition,"- Name of tool/framework: FEATUREHOUSE
 - Primary purpose: To unify languages and tools that rely on superimposition for software composition
 - Key functionalities: Uses attribute grammars to automate the integration of additional languages; supports integration of multiple programming languages (Java, C#, C, Haskell, Alloy, JavaCC); extends support to XML languages (XHTML, XMI/UML, Ant) and alternative composition approaches (aspect weaving)
 - Features for facilitating polyglot interoperability: Integrates multiple programming languages; supports XML languages and alternative composition approaches","- Successful integration strategies: Using a language-independent model of feature structure trees (FSTs) to unify languages and tools; integrating multiple languages (Java, C#, C, Haskell, Alloy, JavaCC) using attribute grammars; extending FEATUREHOUSE to support XML languages and alternative composition approaches.
 - Findings not explicitly discussed: Challenges identified, limitations or gaps in current approaches.","- ""Superimposition is a composition technique that has been applied successfully in many areas of software development.""
  - ""We unify languages and tools that rely on superimposition by using the language-independent model of feature structure trees (FSTs).""
  - ""On the basis of the FST model, we propose a general approach to the composition of software artifacts written in different languages.""
  - ""Furthermore, we offer a supporting framework and tool chain, called FEATUREHOUSE.""
  - ""We use attribute grammars to automate the integration of additional languages.""
  - ""A substantial number of case studies demonstrate the practicality and scalability of our approach and reveal insights into the properties that a language must have in order to be ready for superimposition.""
  - ""We discuss perspectives of our approach and demonstrate how we extended FEATUREHOUSE with support for XML languages (in particular, XHTML, XMI/UML, and Ant) and alternative composition approaches (in particular, aspect weaving).""
  - ""Rounding off our previous work, we provide here a holistic view of the FEATUREHOUSE approach based on rich experience with numerous languages and case studies and reflections on several years of research.""",,"- The abstract describes the use of a ""language-independent model of feature structure trees (FSTs)"" as a primary methodological approach. This suggests a formal model proposal.
 - The mention of ""a general approach to the composition of software artifacts written in different languages"" indicates the development of an architectural framework.
 - The use of ""attribute grammars to automate the integration of additional languages"" is a specific technique used to analyze interaction between programming languages.
 - The abstract mentions ""a substantial number of case studies"" which implies an empirical study component to evaluate the practicality and scalability of the approach.
 - The extension of FEATUREHOUSE with support for XML languages and alternative composition approaches suggests further development and evaluation of the framework.","- ""We discuss perspectives of our approach and demonstrate how we extended FEATUREHOUSE with support for XML languages (in particular, XHTML, XMI/UML, and Ant) and alternative composition approaches (in particular, aspect weaving).""
  - ""In particular, we have integrated Java, C#, C, Haskell, Alloy, and JavaCC.""
  - ""We use attribute grammars to automate the integration of additional languages.""
  - ""On the basis of the FST model, we propose a general approach to the composition of software artifacts written in different languages.""
  - ""We unify languages and tools that rely on superimposition by using the language-independent model of feature structure trees (FSTs).""",,"- The abstract discusses the use of ""feature structure trees (FSTs)"" as a language-independent model for software composition. This suggests a focus on a shared data format or model rather than traditional interoperability techniques like FFI, RPC, or message brokers.
 - The mention of ""attribute grammars"" indicates a method for automating language integration, which could be related to shared data formats or models but does not explicitly mention any of the listed interoperability techniques.
 - The integration of various languages (Java, C#, C, Haskell, Alloy, JavaCC) and XML languages (XHTML, XMI/UML, Ant) suggests a focus on language independence and composition rather than specific interoperability techniques like FFI or RPC.
 - There is no mention of Foreign Function Interface (FFI), Remote Procedure Calls (RPC), Shared Runtimes, Message Brokers, or Shared Data Formats in the abstract.","- ""In particular, we have integrated Java, C#, C, Haskell, Alloy, and JavaCC.""
  - ""We unify languages and tools that rely on superimposition by using the language-independent model of feature structure trees (FSTs).""
  - ""On the basis of the FST model, we propose a general approach to the composition of software artifacts written in different languages.""
  - ""A substantial number of case studies demonstrate the practicality and scalability of our approach and reveal insights into the properties that a language must have in order to be ready for superimposition.""
  - ""We discuss perspectives of our approach and demonstrate how we extended FEATUREHOUSE with support for XML languages (in particular, XHTML, XMI/UML, and Ant) and alternative composition approaches (in particular, aspect weaving).""",,"- The abstract mentions the integration of several programming languages: Java, C#, C, Haskell, Alloy, and JavaCC. These are the programming languages used in the system.
 - The abstract refers to ""software artifacts written in different languages,"" indicating that the type of software artifact analyzed is likely software systems or projects that involve these languages.
 - The primary interoperability technique used is superimposition, as indicated by the repeated mention of this concept throughout the abstract.
 - The abstract also mentions the extension of FEATUREHOUSE to support XML languages and alternative composition approaches, but the primary focus is on superimposition.","- ""Furthermore, we offer a supporting framework and tool chain, called FEATUREHOUSE.""
  - ""We discuss perspectives of our approach and demonstrate how we extended FEATUREHOUSE with support for XML languages (in particular, XHTML, XMI/UML, and Ant) and alternative composition approaches (in particular, aspect weaving).""
  - ""We unify languages and tools that rely on superimposition by using the language-independent model of feature structure trees (FSTs).""
  - ""We use attribute grammars to automate the integration of additional languages.""
  - ""In particular, we have integrated Java, C#, C, Haskell, Alloy, and JavaCC.""",,"- The abstract mentions a framework called ""FEATUREHOUSE,"" which is a key technological tool in the study. FEATUREHOUSE is described as a supporting framework and tool chain, indicating its primary purpose is to support software composition.
 - The primary purpose of FEATUREHOUSE is to unify languages and tools that rely on superimposition, which is a composition technique. This suggests that FEATUREHOUSE is designed to facilitate inter-language communication and polyglot interoperability.
 - The use of ""attribute grammars to automate the integration of additional languages"" is a key functionality of FEATUREHOUSE, as it enables the integration of multiple programming languages such as Java, C#, C, Haskell, Alloy, and JavaCC.
 - FEATUREHOUSE is specifically designed to facilitate polyglot interoperability by integrating various languages and providing support for XML languages and alternative composition approaches like aspect weaving.
 - The abstract does not mention any other specific technological tools or frameworks beyond FEATUREHOUSE.","- ""We unify languages and tools that rely on superimposition by using the language-independent model of feature structure trees (FSTs).""
  - ""On the basis of the FST model, we propose a general approach to the composition of software artifacts written in different languages.""
  - ""We use attribute grammars to automate the integration of additional languages.""
  - ""In particular, we have integrated Java, C#, C, Haskell, Alloy, and JavaCC.""
  - ""A substantial number of case studies demonstrate the practicality and scalability of our approach and reveal insights into the properties that a language must have in order to be ready for superimposition.""
  - ""We discuss perspectives of our approach and demonstrate how we extended FEATUREHOUSE with support for XML languages (in particular, XHTML, XMI/UML, and Ant) and alternative composition approaches (in particular, aspect weaving).""",,"- The abstract discusses the use of a language-independent model (FSTs) to unify languages and tools, which is a strategy for achieving interoperability.
 - The integration of multiple languages (Java, C#, C, Haskell, Alloy, JavaCC) using attribute grammars is a successful integration strategy mentioned.
 - The mention of case studies demonstrating practicality and scalability suggests that these strategies are effective in managing interoperability.
 - The extension of FEATUREHOUSE to support XML languages and alternative composition approaches indicates further successful integration strategies.
 - However, the abstract does not explicitly mention challenges identified or limitations/gaps in current approaches related to interoperability."
"Translation, Abstraction and Integration for Effective Smart System Design","M. Lora, S. Vinco, F. Fummi",10.1109/TC.2019.2909209,https://doi.org/10.1109/TC.2019.2909209,IEEE transactions on computers,21,2019,"Proposal of a meet-in-the-middle approach using existing automatic translation and abstraction tools, supported by design domain/abstraction level taxonomies, validated through two case studies.",No specific interoperability techniques described,"Not mentioned (the abstract does not specify programming languages, software artifacts, or interoperability techniques)",No specific tools described,"- Challenges identified: High degree of heterogeneity in design and specification languages.
 - Successful integration strategies: Using automatic translation and abstraction tools to integrate models into a single homogeneous system-level executable description.
 - Limitations or gaps: Not explicitly discussed.","- ""This paper proposes a meet-in-the-middle approach to create virtual platforms of heterogeneous systems.""
  - ""The methodology envisions the adoption of existing automatic translation and abstraction tools to automatically integrate models of components into a single homogeneous system-level executable description.""
  - ""The proposed methodology has been applied to two case studies with different degrees of heterogeneity, with the goal exemplifying its adoption on concrete scenarios and to prove its effectiveness.""
  - ""The starting point is a set of heterogeneous models, developed by adopting the designer's favorite language and formalism.""
  - ""The approach is supported by an analysis of the typical design flow, that leads to the definition of design domain/abstraction level taxonomies.""",,"- The abstract describes a ""meet-in-the-middle approach"" which suggests a methodological approach that involves integrating different components or models into a unified system. This indicates a focus on system integration and interoperability.
 - The use of ""existing automatic translation and abstraction tools"" implies a reliance on existing techniques for integrating heterogeneous models, which is a key aspect of addressing multilingual software system interoperability.
 - The mention of ""analysis of the typical design flow"" and the creation of ""design domain/abstraction level taxonomies"" suggests a structured approach to understanding and categorizing different design domains and abstraction levels, which is crucial for evaluating language compatibility.
 - The application of the methodology to ""two case studies with different degrees of heterogeneity"" indicates an empirical or case study approach to validate the effectiveness of the proposed methodology.
 - The abstract does not mention specific novel metrics, models, or frameworks for evaluating language compatibility, but it does propose a methodology for integrating heterogeneous systems.","- ""Such taxonomies are then used to identify what characteristics would allow efficient system-level simulation, and the corresponding transformations to be applied to the starting models to achieve a “holistic” system executable representation.""
  - ""The approach is supported by an analysis of the typical design flow, that leads to the definition of design domain/abstraction level taxonomies.""
  - ""The methodology envisions the adoption of existing automatic translation and abstraction tools to automatically integrate models of components into a single homogeneous system-level executable description.""",,"- The abstract mentions the use of ""automatic translation and abstraction tools"" to integrate models into a single homogeneous system-level executable description. This suggests a focus on translation and abstraction as interoperability techniques.
 - The mention of ""design domain/abstraction level taxonomies"" implies a structured approach to managing heterogeneity, which could be related to interoperability.
 - However, the abstract does not specifically mention any of the interoperability techniques listed in the question, such as Foreign Function Interface (FFI), Remote Procedure Calls (RPC), Shared Runtimes, Message Brokers, or Shared Data Formats.
 - The abstract does not provide specific details about any interoperability techniques, such as names, descriptions, or tools/technologies used.","- ""components of the underneath HW platform may belong to different design domains, that are usually expressed using a huge variety of different languages.""
  - ""The methodology envisions the adoption of existing automatic translation and abstraction tools to automatically integrate models of components into a single homogeneous system-level executable description.""
  - ""The proposed methodology has been applied to two case studies with different degrees of heterogeneity,""
  - ""complex smart devices are built by aggregating heterogeneous components provided by different vendors,""",,"- The abstract mentions that complex smart devices are built from heterogeneous components provided by different vendors, indicating a variety of languages and systems are involved.
 - It highlights that components may belong to different design domains, expressed in various languages, but it does not specify which languages are used.
 - The methodology involves automatic translation and abstraction tools to integrate models into a single system-level description, suggesting some form of interoperability technique, but it does not specify the technique or languages used.
 - The abstract does not provide specific details about the programming languages used or the type of software artifacts analyzed in the case studies.
 - There is no mention of specific interoperability techniques such as FFI, REST API, or gRPC.","- ""The methodology envisions the adoption of existing automatic translation and abstraction tools to automatically integrate models of components into a single homogeneous system-level executable description.""
  - ""Such taxonomies are then used to identify what characteristics would allow efficient system-level simulation, and the corresponding transformations to be applied to the starting models to achieve a “holistic” system executable representation.""
  - ""The approach is supported by an analysis of the typical design flow, that leads to the definition of design domain/abstraction level taxonomies.""",,"- The abstract mentions the use of ""existing automatic translation and abstraction tools"" as part of the methodology. This suggests that these tools are used for integrating models from different languages into a single system-level description, which is relevant to facilitating polyglot interoperability.
 - The abstract does not specify the names of these tools or frameworks, nor does it provide detailed information about their primary purpose, key functionalities, or specific features for polyglot interoperability.
 - The mention of ""design domain/abstraction level taxonomies"" and their role in identifying characteristics for efficient system-level simulation implies a framework or approach for managing heterogeneity, but again, no specific tool or framework is named.","- ""complex smart devices are built by aggregating heterogeneous components provided by different vendors, thus requiring the development of custom ad-hoc virtual platforms.""
  - ""components of the underneath HW platform may belong to different design domains, that are usually expressed using a huge variety of different languages.""
  - ""This high degree of heterogeneity in terms of both design and specification languages must be effectively managed by the design flow so to help engineers in assembling the final system.""
  - ""The methodology envisions the adoption of existing automatic translation and abstraction tools to automatically integrate models of components into a single homogeneous system-level executable description.""
  - ""The benefit of such an approach is particularly evident on any kind of highly heterogeneous systems, such as smart devices.""
  - ""The proposed methodology has been applied to two case studies with different degrees of heterogeneity, with the goal exemplifying its adoption on concrete scenarios and to prove its effectiveness.""",,"- The abstract identifies a challenge related to interoperability: the high degree of heterogeneity in design and specification languages, which complicates the integration of components from different vendors.
 - The proposed solution involves using automatic translation and abstraction tools to integrate heterogeneous models into a single homogeneous system-level executable description. This is a successful integration strategy.
 - The abstract does not explicitly mention limitations or gaps in current approaches, nor does it discuss specific challenges like performance overhead or debugging complexity.
 - The focus is on managing heterogeneity through translation and abstraction, which is a key finding related to interoperability."
The Challenge of Cross-language Interoperability,D. Chisnall,10.1145/2542661.2543971,https://doi.org/10.1145/2542661.2543971,Queue,26,2013,Not clearly specified (the abstract does not provide specific details on the research approach or methodology),"- Remote Procedure Calls (RPC): COM (Component Object Model), CORBA (Common Object Request Broker Architecture)
 - Shared Runtimes: JVM (Java Virtual Machine), CLR (Common Language Runtime)","Not mentioned (the abstract does not specify programming languages, software artifacts, or interoperability techniques)","- COM (Component Object Model)
  - Primary purpose: Language-independent object model for cross-language communication
  - Key functionalities: Provides a common interface for different languages
  - Features for polyglot interoperability: Enables communication between different programming languages
 

 - CORBA (Common Object Request Broker Architecture)
  - Primary purpose: Language-independent object model for cross-language communication
  - Key functionalities: Provides a common interface for different languages
  - Features for polyglot interoperability: Enables communication between different programming languages
 

 - JVM (Java Virtual Machine)
  - Primary purpose: Virtual machine for integrating languages
  - Key functionalities: Executes code written in multiple languages
  - Features for polyglot interoperability: Provides a runtime environment for different languages
 

 - CLR (Common Language Runtime)
  - Primary purpose: Virtual machine for integrating languages
  - Key functionalities: Executes code written in multiple languages
  - Features for polyglot interoperability: Provides a runtime environment for different languages","- Challenges identified: Interoperability has been a long-standing problem; software complexity and hardware heterogeneity make a single language insufficient for entire programs.
 - Successful integration strategies: Language-independent object models (COM, CORBA); virtual machines (JVM, CLR).
 - Limitations or gaps in current approaches: Software complexity and hardware heterogeneity; potential for new solutions with modular compilers.","- ""As modern compilers become more modular, there is potential for a new generation of interesting solutions.""
  - ""With software becoming ever more complex and hardware less homogeneous, the likelihood of a single language being the correct tool for an entire program is lower than ever.""
  - ""Solutions have ranged from language-independent object models such as COM (Component Object Model) and CORBA (Common Object Request Broker Architecture) to VMs (virtual machines) designed to integrate languages, such as JVM (Java Virtual Machine) and CLR (Common Language Runtime).""
  - ""Interoperability between languages has been a problem since the second programming language was invented.""",,"- The abstract discusses the historical problem of interoperability between programming languages and mentions various existing solutions such as COM, CORBA, JVM, and CLR. However, it does not specify any new research approach or methodology for addressing these issues.
 - The abstract does not mention any specific techniques used to analyze the interaction between programming languages, nor does it propose any novel metrics, models, or frameworks for evaluating language compatibility.
 - The abstract is more of a general discussion on the challenges of cross-language interoperability rather than a detailed description of a research approach or methodology.
 - The mention of ""potential for a new generation of interesting solutions"" suggests a future direction but does not specify any concrete research approach or methodology.","- ""Solutions have ranged from language-independent object models such as COM (Component Object Model) and CORBA (Common Object Request Broker Architecture) to VMs (virtual machines) designed to integrate languages, such as JVM (Java Virtual Machine) and CLR (Common Language Runtime).""",,"- The abstract mentions ""language-independent object models"" as a solution for interoperability, specifically naming COM and CORBA. These are examples of Remote Procedure Calls (RPC) techniques, as they enable communication between different systems or languages.
 - The abstract also mentions ""VMs (virtual machines) designed to integrate languages,"" specifically naming JVM and CLR. These are examples of Shared Runtimes, as they provide a common environment for different languages to run on.
 - The abstract does not mention Foreign Function Interface (FFI), Message Brokers, or Shared Data Formats.
 - The abstract does not provide specific tools or technologies beyond the names of the techniques (COM, CORBA, JVM, CLR).","- ""Interoperability between languages has been a problem since the second programming language was invented.""
  - ""With software becoming ever more complex and hardware less homogeneous, the likelihood of a single language being the correct tool for an entire program is lower than ever.""
  - ""Solutions have ranged from language-independent object models such as COM (Component Object Model) and CORBA (Common Object Request Broker Architecture) to VMs (virtual machines) designed to integrate languages, such as JVM (Java Virtual Machine) and CLR (Common Language Runtime).""
  - ""As modern compilers become more modular, there is potential for a new generation of interesting solutions.""",,"- The abstract discusses the challenge of interoperability between programming languages, indicating that multiple languages are involved.
 - It mentions specific language-independent object models and virtual machines: COM, CORBA, JVM, and CLR. These are not programming languages themselves but rather frameworks or architectures that support interoperability.
 - The abstract does not specify any particular programming languages used in the system or any specific software artifacts analyzed.
 - There is no mention of the type of software artifact (e.g., open-source repository, industrial case study) or the primary interoperability technique used (e.g., FFI, REST API, gRPC).
 - The focus is on the general problem of interoperability and potential solutions rather than specific languages or software artifacts.","- ""Solutions have ranged from language-independent object models such as COM (Component Object Model) and CORBA (Common Object Request Broker Architecture) to VMs (virtual machines) designed to integrate languages, such as JVM (Java Virtual Machine) and CLR (Common Language Runtime).""",,"- The abstract mentions several technological tools and frameworks related to cross-language interoperability.
 - COM (Component Object Model) and CORBA (Common Object Request Broker Architecture) are language-independent object models. Their primary purpose is to enable communication between different programming languages by providing a common interface or model that can be used across languages.
 - JVM (Java Virtual Machine) and CLR (Common Language Runtime) are virtual machines designed to integrate languages. Their primary purpose is to provide a runtime environment that can execute code written in multiple languages, facilitating interoperability by allowing different languages to run on the same platform.
 - These tools are specifically designed to facilitate polyglot interoperability by providing a common platform or interface for different languages to interact.","- ""Interoperability between languages has been a problem since the second programming language was invented.""
  - ""As modern compilers become more modular, there is potential for a new generation of interesting solutions.""
  - ""With software becoming ever more complex and hardware less homogeneous, the likelihood of a single language being the correct tool for an entire program is lower than ever.""
  - ""Solutions have ranged from language-independent object models such as COM (Component Object Model) and CORBA (Common Object Request Broker Architecture) to VMs (virtual machines) designed to integrate languages, such as JVM (Java Virtual Machine) and CLR (Common Language Runtime).""",,"- The abstract identifies a challenge in interoperability by stating that it has been a problem since the invention of the second programming language, indicating a long-standing issue.
 - Successful integration strategies are mentioned, such as using language-independent object models (COM, CORBA) and virtual machines (JVM, CLR), which are known approaches for achieving interoperability.
 - The abstract notes that software complexity and hardware heterogeneity make it less likely for a single language to be sufficient for an entire program, suggesting a limitation in current approaches.
 - The mention of modern compilers becoming more modular suggests potential for new solutions, but this is not explicitly linked to current limitations or gaps in interoperability approaches."
Advancing Static Code Analysis With Language-Agnostic Component Identification,"Micah Schiewe, Jacob Curtis, Vincent Bushong, T. Cerný",10.1109/ACCESS.2022.3160485,https://doi.org/10.1109/ACCESS.2022.3160485,IEEE Access,23,2022,Case study involving the transformation of source code into a language-agnostic abstract-syntax tree and the use of generalized component parsers to extract high-level information from Java and C++ microservices.,No specific interoperability techniques described,Java + C++: Cloud-native system benchmarks - Not mentioned (no specific interoperability technique is mentioned),No specific tools described,"- Challenges identified: Current code analysis approaches are unsuitable due to their focus on low-level constructs in a single language.
 - Successful integration strategies: Using a language-agnostic abstract-syntax tree to transform source code.
 - Limitations or gaps in current approaches: Not explicitly discussed.","- ""The system’s source code is transformed into an intermediate representation called a language-agnostic abstract-syntax tree.""
  - ""The design of the approach is presented here in detail, along with its evaluation in a case study involving two large, heterogeneous, cloud-native system benchmarks (Java and C++ microservices).""
  - ""This paper presents a novel approach to solving the problem of being tied to a single language and its low-level constructs.""
  - ""The study demonstrates a unified identification approach to determine system data entities and endpoints.""
  - ""This system representation is then assessed by generalized component parsers that extract relevant high-level information, such as components, from low-level structures.""",,"- The abstract describes a ""novel approach"" to address the issue of being tied to a single language, indicating a methodological innovation.
 - The transformation of source code into a ""language-agnostic abstract-syntax tree"" suggests a specific technique used to analyze multilingual systems.
 - The use of ""generalized component parsers"" to extract high-level information indicates a technique for analyzing interactions between programming languages.
 - The mention of a ""case study involving two large, heterogeneous, cloud-native system benchmarks (Java and C++ microservices)"" suggests an empirical study approach.
 - The focus on ""determine system data entities and endpoints"" implies a framework for evaluating language compatibility.","- ""Static code analysis of software systems has proven beneficial for a broad range of domains, including security assessments, coding practice, error detection, and others.""
  - ""However, as modern systems have grown in complexity and heterogeneity over the past few decades, advances in development frameworks have dominated.""
  - ""Rather than involving low-level language constructs, these frameworks typically focus on software components, including data entities, controllers, and endpoints.""
  - ""The system’s source code is transformed into an intermediate representation called a language-agnostic abstract-syntax tree.""
  - ""This system representation is then assessed by generalized component parsers that extract relevant high-level information, such as components, from low-level structures.""
  - ""The design of the approach is presented here in detail, along with its evaluation in a case study involving two large, heterogeneous, cloud-native system benchmarks (Java and C++ microservices).""
  - ""The study demonstrates a unified identification approach to determine system data entities and endpoints.""",,"- The abstract discusses the challenges of static code analysis in modern systems due to their complexity and heterogeneity.
 - It mentions the transformation of source code into a ""language-agnostic abstract-syntax tree,"" which suggests a focus on abstracting away language-specific details.
 - The use of ""generalized component parsers"" to extract high-level information indicates a focus on components rather than low-level language constructs.
 - The abstract does not mention any specific interoperability techniques such as Foreign Function Interface (FFI), Remote Procedure Calls (RPC), Shared Runtimes, Message Brokers, or Shared Data Formats.
 - The focus is on a unified identification approach for system components, but it does not specify any interoperability techniques.","- ""involving two large, heterogeneous, cloud-native system benchmarks (Java and C++ microservices).""
  - ""The study demonstrates a unified identification approach to determine system data entities and endpoints.""
  - ""The system’s source code is transformed into an intermediate representation called a language-agnostic abstract-syntax tree.""",,"- The abstract mentions that the study involves ""two large, heterogeneous, cloud-native system benchmarks (Java and C++ microservices),"" which indicates that the programming languages used in the system are Java and C++.
 - The type of software artifact analyzed is described as ""cloud-native system benchmarks,"" which suggests that the study involves analyzing microservices, a type of software system.
 - The abstract does not explicitly mention the primary interoperability technique used, such as FFI, REST API, or gRPC. However, it does mention the transformation of source code into a ""language-agnostic abstract-syntax tree,"" which implies a focus on language-agnostic analysis rather than specific interoperability techniques.","- ""The study demonstrates a unified identification approach to determine system data entities and endpoints.""
  - ""The design of the approach is presented here in detail, along with its evaluation in a case study involving two large, heterogeneous, cloud-native system benchmarks (Java and C++ microservices).""
  - ""The system’s source code is transformed into an intermediate representation called a language-agnostic abstract-syntax tree.""",,"- The abstract mentions the transformation of source code into a ""language-agnostic abstract-syntax tree,"" which suggests a technological tool or framework is used for this purpose. However, it does not specify the name of any particular tool or framework.
 - The mention of ""generalized component parsers"" implies a tool or framework is used for extracting high-level information, but again, no specific name is provided.
 - The case study involves ""Java and C++ microservices,"" indicating that these languages are part of the study, but it does not specify any tools or frameworks used for inter-language communication or polyglot build systems.
 - The abstract does not provide details on any specific technological tools, platforms, or frameworks used in the study, nor does it mention any features for facilitating polyglot interoperability.","- ""Static code analysis of software systems has proven beneficial for a broad range of domains, including security assessments, coding practice, error detection, and others.""
  - ""However, as modern systems have grown in complexity and heterogeneity over the past few decades, advances in development frameworks have dominated.""
  - ""Rather than involving low-level language constructs, these frameworks typically focus on software components, including data entities, controllers, and endpoints.""
  - ""As a result, current code analysis approaches have become unsuitable for analyzing these modern systems due to their focus on low-level constructs in a single language.""
  - ""This paper presents a novel approach to solving the problem of being tied to a single language and its low-level constructs.""
  - ""The system’s source code is transformed into an intermediate representation called a language-agnostic abstract-syntax tree.""
  - ""The design of the approach is presented here in detail, along with its evaluation in a case study involving two large, heterogeneous, cloud-native system benchmarks (Java and C++ microservices).""
  - ""The study demonstrates a unified identification approach to determine system data entities and endpoints.""
  - ""Utilizing higher-level constructs, such as components, can advance the current practice of system analysis to better face broader problems introduced by modern system development practices.""",,"- The abstract discusses the challenges of current code analysis approaches being tied to a single language and its low-level constructs, which is a challenge related to interoperability.
 - It mentions the complexity and heterogeneity of modern systems, which implies a challenge in interoperability due to the variety of languages and frameworks used.
 - The paper presents a novel approach using a language-agnostic abstract-syntax tree, which is a strategy for successful integration by overcoming language-specific barriers.
 - The evaluation involves heterogeneous cloud-native system benchmarks, indicating an attempt to address interoperability across different languages (Java and C++).
 - The abstract does not explicitly mention limitations or gaps in current approaches related to interoperability, nor does it discuss specific challenges like performance overhead or toolchain incompatibility."
"Polyglot Software Development: Wait, What?","Gunter Mussbacher, Benoît Combemale, Jörg Kienzle, Lola Burgueño, Antonio García-Domínguez, J. Jézéquel, Gwendal Jouneaux, D. Khelladi, Sébastien Mosser, Corinne Pulgar, H. Sahraoui, Maximilian Schiedermeier, T. van der Storm",10.1109/MS.2023.3347875,https://doi.org/10.1109/MS.2023.3347875,IEEE Software,3,2024,Proposal of a formal model based on a conceptual model and feature model for polyglot software development.,No specific interoperability techniques described,"Not mentioned (the abstract does not provide information on programming languages, software artifacts, or interoperability techniques)",No specific tools described,Findings not explicitly discussed (the abstract focuses on defining polyglot software development rather than addressing interoperability challenges or strategies),"- ""We propose a concise and unambiguous definition of polyglot software development with a conceptual model and characterize the techniques used for the specification and operationalization of polyglot software development with a feature model.""",,"- The abstract mentions the proposal of a ""concise and unambiguous definition"" and a ""conceptual model,"" which suggests a theoretical or formal approach rather than an empirical study.
 - The use of a ""feature model"" indicates a structured method for characterizing polyglot software development, which aligns with a formal model proposal.
 - There is no mention of empirical techniques such as mining software repositories, performance benchmarking, or case studies, which are typically associated with empirical studies.
 - The abstract does not specify any novel metrics or frameworks beyond the conceptual model and feature model, which are part of the formal model proposal.","- ""We propose a concise and unambiguous definition of polyglot software development with a conceptual model and characterize the techniques used for the specification and operationalization of polyglot software development with a feature model.""",,"- The abstract mentions proposing a definition and characterizing techniques for polyglot software development, but it does not specify any particular interoperability techniques.
 - The abstract does not mention any specific technical approaches such as Foreign Function Interface (FFI), Remote Procedure Calls (RPC), Shared Runtimes, Message Brokers, or Shared Data Formats.
 - The focus of the abstract is on defining and characterizing polyglot software development rather than detailing specific interoperability techniques.","- ""We propose a concise and unambiguous definition of polyglot software development with a conceptual model and characterize the techniques used for the specification and operationalization of polyglot software development with a feature model.""",,"- The abstract mentions the proposal of a definition and a conceptual model for polyglot software development, but it does not specify any particular programming languages or software artifacts.
 - There is no mention of specific programming languages such as Python, Java, or Rust.
 - The abstract does not describe any type of software artifact like open-source repositories or industrial case studies.
 - There is no information on the primary interoperability technique used, such as FFI, REST API, or gRPC.","- ""We propose a concise and unambiguous definition of polyglot software development with a conceptual model and characterize the techniques used for the specification and operationalization of polyglot software development with a feature model.""",,"- The abstract mentions a ""conceptual model"" and a ""feature model"" related to polyglot software development, but it does not specify any particular technological tools or frameworks.
 - The focus of the abstract is on defining and characterizing techniques for polyglot software development, not on specific tools or platforms.
 - There is no mention of any specific technological tools, platforms, or frameworks used in the study.","- ""We propose a concise and unambiguous definition of polyglot software development with a conceptual model and characterize the techniques used for the specification and operationalization of polyglot software development with a feature model.""",,"- The abstract mentions proposing a definition and conceptual model for polyglot software development, which implies a focus on understanding and structuring the concept rather than directly addressing interoperability challenges or strategies.
 - There is no mention of specific challenges related to interoperability such as performance overhead, debugging complexity, or toolchain incompatibility.
 - The abstract does not discuss successful integration strategies like using code generation from an IDL or adopting a shared runtime.
 - There is no mention of limitations or gaps in current approaches to interoperability, such as a lack of formal compatibility metrics or difficulty in predicting integration costs.
 - The focus of the abstract is on defining and characterizing polyglot software development rather than on assessing and managing interoperability."